--
-- PostgreSQL database dump
--

-- Dumped from database version 15.1
-- Dumped by pg_dump version 15.1

SET statement_timeout = 0;
SET lock_timeout = 0;
SET idle_in_transaction_session_timeout = 0;
SET client_encoding = 'UTF8';
SET standard_conforming_strings = on;
SELECT pg_catalog.set_config('search_path', '', false);
SET check_function_bodies = false;
SET xmloption = content;
SET client_min_messages = warning;
SET row_security = off;

SET default_tablespace = '';

SET default_table_access_method = heap;

--
-- Name: department; Type: TABLE; Schema: public; Owner: postgres
--

CREATE TABLE public.department (
    id integer NOT NULL,
    name character varying(50) NOT NULL,
    "dec" character varying(50) NOT NULL
);


ALTER TABLE public.department OWNER TO postgres;

--
-- Name: department_id_seq; Type: SEQUENCE; Schema: public; Owner: postgres
--

CREATE SEQUENCE public.department_id_seq
    AS integer
    START WITH 1
    INCREMENT BY 1
    NO MINVALUE
    NO MAXVALUE
    CACHE 1;


ALTER TABLE public.department_id_seq OWNER TO postgres;

--
-- Name: department_id_seq; Type: SEQUENCE OWNED BY; Schema: public; Owner: postgres
--

ALTER SEQUENCE public.department_id_seq OWNED BY public.department.id;


--
-- Name: student_group; Type: TABLE; Schema: public; Owner: postgres
--

CREATE TABLE public.student_group (
    id integer NOT NULL,
    name character varying(50) NOT NULL,
    dep_id integer
);


ALTER TABLE public.student_group OWNER TO postgres;

--
-- Name: student_group_id_seq; Type: SEQUENCE; Schema: public; Owner: postgres
--

CREATE SEQUENCE public.student_group_id_seq
    AS integer
    START WITH 1
    INCREMENT BY 1
    NO MINVALUE
    NO MAXVALUE
    CACHE 1;


ALTER TABLE public.student_group_id_seq OWNER TO postgres;

--
-- Name: student_group_id_seq; Type: SEQUENCE OWNED BY; Schema: public; Owner: postgres
--

ALTER SEQUENCE public.student_group_id_seq OWNED BY public.student_group.id;


--
-- Name: students; Type: TABLE; Schema: public; Owner: postgres
--

CREATE TABLE public.students (
    id integer NOT NULL,
    name character varying(20),
    passport_data character varying(20),
    group_id integer
);


ALTER TABLE public.students OWNER TO postgres;

--
-- Name: students_id_seq; Type: SEQUENCE; Schema: public; Owner: postgres
--

CREATE SEQUENCE public.students_id_seq
    AS integer
    START WITH 1
    INCREMENT BY 1
    NO MINVALUE
    NO MAXVALUE
    CACHE 1;


ALTER TABLE public.students_id_seq OWNER TO postgres;

--
-- Name: students_id_seq; Type: SEQUENCE OWNED BY; Schema: public; Owner: postgres
--

ALTER SEQUENCE public.students_id_seq OWNED BY public.students.id;


--
-- Name: department id; Type: DEFAULT; Schema: public; Owner: postgres
--

ALTER TABLE ONLY public.department ALTER COLUMN id SET DEFAULT nextval('public.department_id_seq'::regclass);


--
-- Name: student_group id; Type: DEFAULT; Schema: public; Owner: postgres
--

ALTER TABLE ONLY public.student_group ALTER COLUMN id SET DEFAULT nextval('public.student_group_id_seq'::regclass);


--
-- Name: students id; Type: DEFAULT; Schema: public; Owner: postgres
--

ALTER TABLE ONLY public.students ALTER COLUMN id SET DEFAULT nextval('public.students_id_seq'::regclass);


--
-- Data for Name: department; Type: TABLE DATA; Schema: public; Owner: postgres
--

COPY public.department (id, name, "dec") FROM stdin;
1	Системное программирование	Речицкий Д.Д
2	Искусственный интелект	Дворянчиков Д.Д
\.


--
-- Data for Name: student_group; Type: TABLE DATA; Schema: public; Owner: postgres
--

COPY public.student_group (id, name, dep_id) FROM stdin;
1	БВТ2203	1
2	БВТ2204	1
3	БИП2203	2
4	БИП2204	2
\.


--
-- Data for Name: students; Type: TABLE DATA; Schema: public; Owner: postgres
--

COPY public.students (id, name, passport_data, group_id) FROM stdin;
1	ШАшилов А	123456	1
2	Шашилов А	123456	1
3	Исмаилов А	122456	1
4	Зотов И	123446	1
5	ШАшилов	123476	1
6	Студент1	123456	2
7	Студент2	123456	2
8	Студент3	122456	2
9	Студент4	123446	2
10	Студент5	123476	2
11	Студент6	123456	3
12	Студент7	123456	3
13	СТудент8	122456	3
14	Студент9	123446	3
15	Студент10	123476	3
16	Студент11	123456	4
17	Студент12	123456	4
18	Студент13	122456	4
19	Студент14	123446	4
20	Студент15	123476	1
\.


--
-- Name: department_id_seq; Type: SEQUENCE SET; Schema: public; Owner: postgres
--

SELECT pg_catalog.setval('public.department_id_seq', 2, true);


--
-- Name: student_group_id_seq; Type: SEQUENCE SET; Schema: public; Owner: postgres
--

SELECT pg_catalog.setval('public.student_group_id_seq', 4, true);


--
-- Name: students_id_seq; Type: SEQUENCE SET; Schema: public; Owner: postgres
--

SELECT pg_catalog.setval('public.students_id_seq', 20, true);


--
-- Name: department department_pkey; Type: CONSTRAINT; Schema: public; Owner: postgres
--

ALTER TABLE ONLY public.department
    ADD CONSTRAINT department_pkey PRIMARY KEY (id);


--
-- Name: student_group student_group_pkey; Type: CONSTRAINT; Schema: public; Owner: postgres
--

ALTER TABLE ONLY public.student_group
    ADD CONSTRAINT student_group_pkey PRIMARY KEY (id);


--
-- Name: students students_pkey; Type: CONSTRAINT; Schema: public; Owner: postgres
--

ALTER TABLE ONLY public.students
    ADD CONSTRAINT students_pkey PRIMARY KEY (id);


--
-- Name: student_group student_group_dep_id_fkey; Type: FK CONSTRAINT; Schema: public; Owner: postgres
--

ALTER TABLE ONLY public.student_group
    ADD CONSTRAINT student_group_dep_id_fkey FOREIGN KEY (dep_id) REFERENCES public.department(id);


--
-- PostgreSQL database dump complete
--

